turno,indice_jugador,jugador,dado1,dado2,suma,posicion_anterior,posicion_nueva,paso_salida,nombre_casilla,tipo_casilla,precio_casilla,color_casilla,compra_realizada,alquiler_realizado,alquiler_teorico,pago_real,dinero_inicial_turno,dinero_final_turno,propiedades_antes,propiedades_despues
1,1,ana,4,3,7,1,8,no,suerte2,suerte,0,ninguno,no,no,0,0,10000,10000,0,0
2,2,bob,5,6,11,1,12,no,rosa1,propiedad,140,rosa,si,no,0,0,10000,9860,0,1
3,1,ana,6,2,8,8,16,no,estacion2,estacion,200,estacion,si,no,0,0,10000,9800,0,1
4,2,bob,2,4,6,12,18,no,suerte3,suerte,0,ninguno,no,no,0,0,9860,9860,1,1
5,1,ana,4,3,7,16,23,no,suerte4,suerte,0,ninguno,no,no,0,0,9800,9800,1,1
6,2,bob,1,3,4,18,22,no,rojo1,propiedad,220,rojo,si,no,0,0,9860,9640,1,2
7,1,ana,4,4,8,23,31,no,carcel,carcel,0,ninguno,no,no,0,0,9800,9800,1,1
8,2,bob,3,2,5,22,27,no,amarillo1,propiedad,260,amarillo,si,no,0,0,9640,9380,2,3
9,1,ana,3,4,7,31,38,no,azul1,propiedad,350,azul,si,no,0,0,9800,9450,1,2
10,2,bob,2,3,5,27,32,no,verde1,propiedad,300,verde,si,no,0,0,9380,9080,3,4
11,1,ana,3,1,4,38,2,si,morado1,propiedad,60,morado,si,no,0,0,9450,9390,2,3
12,2,bob,6,2,8,32,40,no,azul2,propiedad,400,azul,si,no,0,0,9080,8680,4,5
13,1,ana,5,1,6,2,8,no,suerte2,suerte,0,ninguno,no,no,0,0,9390,9390,3,3
14,2,bob,1,1,2,40,2,si,morado1,propiedad,60,morado,no,si,12,12,8680,8668,5,5
15,1,ana,4,1,5,8,13,no,impuesto2,impuesto,150,ninguno,no,no,0,0,9402,9402,3,3
16,2,bob,1,5,6,2,8,no,suerte2,suerte,0,ninguno,no,no,0,0,8668,8668,5,5
17,1,ana,4,6,10,13,23,no,suerte4,suerte,0,ninguno,no,no,0,0,9402,9402,3,3
18,2,bob,2,1,3,8,11,no,visita_carcel,visita_carcel,0,ninguno,no,no,0,0,8668,8668,5,5
19,1,ana,6,5,11,23,34,no,suerte5,suerte,0,ninguno,no,no,0,0,9402,9402,3,3
20,2,bob,2,1,3,11,14,no,rosa2,propiedad,140,rosa,si,no,0,0,8668,8528,5,6
21,1,ana,6,4,10,34,4,si,morado2,propiedad,60,morado,si,no,0,0,9402,9342,3,4
22,2,bob,5,3,8,14,22,no,rojo1,propiedad,220,rojo,no,no,0,0,8528,8528,6,6
23,1,ana,1,2,3,4,7,no,gris1,propiedad,100,gris,si,no,0,0,9342,9242,4,5
24,2,bob,3,4,7,22,29,no,impuesto3,impuesto,100,ninguno,no,no,0,0,8528,8528,6,6
25,1,ana,1,4,5,7,12,no,rosa1,propiedad,140,rosa,no,si,28,28,9242,9214,5,5
26,2,bob,5,6,11,29,40,no,azul2,propiedad,400,azul,no,no,0,0,8556,8556,6,6
27,1,ana,4,2,6,12,18,no,suerte3,suerte,0,ninguno,no,no,0,0,9214,9214,5,5
28,2,bob,3,6,9,40,9,si,gris2,propiedad,100,gris,si,no,0,0,8556,8456,6,7
29,1,ana,2,4,6,18,24,no,rojo2,propiedad,220,rojo,si,no,0,0,9214,8994,5,6
30,2,bob,6,1,7,9,16,no,estacion2,estacion,200,estacion,no,si,40,40,8456,8416,7,7
31,1,ana,5,1,6,24,30,no,amarillo3,propiedad,280,amarillo,si,no,0,0,9034,8754,6,7
32,2,bob,1,1,2,16,18,no,suerte3,suerte,0,ninguno,no,no,0,0,8416,8416,7,7
33,1,ana,4,5,9,30,39,no,impuesto4,impuesto,100,ninguno,no,no,0,0,8754,8754,7,7
34,2,bob,2,5,7,18,25,no,rojo3,propiedad,240,rojo,si,no,0,0,8416,8176,7,8
35,1,ana,3,5,8,39,7,si,gris1,propiedad,100,gris,no,no,0,0,8754,8754,7,7
36,2,bob,2,6,8,25,33,no,verde2,propiedad,300,verde,si,no,0,0,8176,7876,8,9
37,1,ana,2,2,4,7,11,no,visita_carcel,visita_carcel,0,ninguno,no,no,0,0,8754,8754,7,7
38,2,bob,5,6,11,33,4,si,morado2,propiedad,60,morado,no,si,12,12,7876,7864,9,9
39,1,ana,3,4,7,11,18,no,suerte3,suerte,0,ninguno,no,no,0,0,8766,8766,7,7
40,2,bob,6,1,7,4,11,no,visita_carcel,visita_carcel,0,ninguno,no,no,0,0,7864,7864,9,9
41,1,ana,2,3,5,18,23,no,suerte4,suerte,0,ninguno,no,no,0,0,8766,8766,7,7
42,2,bob,6,2,8,11,19,no,naranja2,propiedad,180,naranja,si,no,0,0,7864,7684,9,10
43,1,ana,2,5,7,23,30,no,amarillo3,propiedad,280,amarillo,no,no,0,0,8766,8766,7,7
44,2,bob,3,5,8,19,27,no,amarillo1,propiedad,260,amarillo,no,no,0,0,7684,7684,10,10
45,1,ana,4,1,5,30,35,no,verde3,propiedad,320,verde,si,no,0,0,8766,8446,7,8
46,2,bob,2,5,7,27,34,no,suerte5,suerte,0,ninguno,no,no,0,0,7684,7684,10,10
47,1,ana,1,5,6,35,1,si,salida,salida,0,ninguno,no,no,0,0,8446,8446,8,8
48,2,bob,4,6,10,34,4,si,morado2,propiedad,60,morado,no,si,12,12,7684,7672,10,10
49,1,ana,3,1,4,1,5,no,impuesto1,impuesto,200,ninguno,no,no,0,0,8458,8458,8,8
50,2,bob,3,5,8,4,12,no,rosa1,propiedad,140,rosa,no,no,0,0,7672,7672,10,10
51,1,ana,1,4,5,5,10,no,gris3,propiedad,120,gris,si,no,0,0,8458,8338,8,9
52,2,bob,3,2,5,12,17,no,naranja1,propiedad,180,naranja,si,no,0,0,7672,7492,10,11
53,1,ana,2,4,6,10,16,no,estacion2,estacion,200,estacion,no,no,0,0,8338,8338,9,9
54,2,bob,3,3,6,17,23,no,suerte4,suerte,0,ninguno,no,no,0,0,7492,7492,11,11
55,1,ana,5,6,11,16,27,no,amarillo1,propiedad,260,amarillo,no,si,52,52,8338,8286,9,9
56,2,bob,2,4,6,23,29,no,impuesto3,impuesto,100,ninguno,no,no,0,0,7544,7544,11,11
57,1,ana,6,2,8,27,35,no,verde3,propiedad,320,verde,no,no,0,0,8286,8286,9,9
58,2,bob,2,1,3,29,32,no,verde1,propiedad,300,verde,no,no,0,0,7544,7544,11,11
59,1,ana,6,6,12,35,7,si,gris1,propiedad,100,gris,no,no,0,0,8286,8286,9,9
60,2,bob,5,4,9,32,1,si,salida,salida,0,ninguno,no,no,0,0,7544,7544,11,11
61,1,ana,1,1,2,7,9,no,gris2,propiedad,100,gris,no,si,20,20,8286,8266,9,9
62,2,bob,4,6,10,1,11,no,visita_carcel,visita_carcel,0,ninguno,no,no,0,0,7564,7564,11,11
63,1,ana,6,3,9,9,18,no,suerte3,suerte,0,ninguno,no,no,0,0,8266,8266,9,9
64,2,bob,3,6,9,11,20,no,naranja3,propiedad,200,naranja,si,no,0,0,7564,7364,11,12
65,1,ana,5,6,11,18,29,no,impuesto3,impuesto,100,ninguno,no,no,0,0,8266,8266,9,9
66,2,bob,4,4,8,20,28,no,amarillo2,propiedad,260,amarillo,si,no,0,0,7364,7104,12,13
67,1,ana,1,6,7,29,36,no,estacion4,estacion,200,estacion,si,no,0,0,8266,8066,9,10
68,2,bob,6,2,8,28,36,no,estacion4,estacion,200,estacion,no,si,40,40,7104,7064,13,13
69,1,ana,3,6,9,36,5,si,impuesto1,impuesto,200,ninguno,no,no,0,0,8106,8106,10,10
70,2,bob,3,1,4,36,40,no,azul2,propiedad,400,azul,no,no,0,0,7064,7064,13,13
71,1,ana,6,6,12,5,17,no,naranja1,propiedad,180,naranja,no,si,36,36,8106,8070,10,10
72,2,bob,6,2,8,40,8,si,suerte2,suerte,0,ninguno,no,no,0,0,7100,7100,13,13
73,1,ana,4,3,7,17,24,no,rojo2,propiedad,220,rojo,no,no,0,0,8070,8070,10,10
74,2,bob,3,3,6,8,14,no,rosa2,propiedad,140,rosa,no,no,0,0,7100,7100,13,13
75,1,ana,5,4,9,24,33,no,verde2,propiedad,300,verde,no,si,60,60,8070,8010,10,10
76,2,bob,1,4,5,14,19,no,naranja2,propiedad,180,naranja,no,no,0,0,7160,7160,13,13
77,1,ana,3,3,6,33,39,no,impuesto4,impuesto,100,ninguno,no,no,0,0,8010,8010,10,10
78,2,bob,3,3,6,19,25,no,rojo3,propiedad,240,rojo,no,no,0,0,7160,7160,13,13
79,1,ana,6,5,11,39,10,si,gris3,propiedad,120,gris,no,no,0,0,8010,8010,10,10
80,2,bob,6,3,9,25,34,no,suerte5,suerte,0,ninguno,no,no,0,0,7160,7160,13,13
81,1,ana,4,2,6,10,16,no,estacion2,estacion,200,estacion,no,no,0,0,8010,8010,10,10
82,2,bob,5,3,8,34,2,si,morado1,propiedad,60,morado,no,si,12,12,7160,7148,13,13
83,1,ana,6,1,7,16,23,no,suerte4,suerte,0,ninguno,no,no,0,0,8022,8022,10,10
84,2,bob,1,4,5,2,7,no,gris1,propiedad,100,gris,no,si,20,20,7148,7128,13,13
85,1,ana,3,4,7,23,30,no,amarillo3,propiedad,280,amarillo,no,no,0,0,8042,8042,10,10
86,2,bob,2,6,8,7,15,no,rosa3,propiedad,160,rosa,si,no,0,0,7128,6968,13,14
87,1,ana,5,1,6,30,36,no,estacion4,estacion,200,estacion,no,no,0,0,8042,8042,10,10
88,2,bob,2,2,4,15,19,no,naranja2,propiedad,180,naranja,no,no,0,0,6968,6968,14,14
89,1,ana,6,6,12,36,8,si,suerte2,suerte,0,ninguno,no,no,0,0,8042,8042,10,10
90,2,bob,2,6,8,19,27,no,amarillo1,propiedad,260,amarillo,no,no,0,0,6968,6968,14,14
91,1,ana,3,2,5,8,13,no,impuesto2,impuesto,150,ninguno,no,no,0,0,8042,8042,10,10
92,2,bob,1,3,4,27,31,no,carcel,carcel,0,ninguno,no,no,0,0,6968,6968,14,14
93,1,ana,1,5,6,13,19,no,naranja2,propiedad,180,naranja,no,si,36,36,8042,8006,10,10
94,2,bob,5,5,10,31,1,si,salida,salida,0,ninguno,no,no,0,0,7004,7004,14,14
95,1,ana,2,2,4,19,23,no,suerte4,suerte,0,ninguno,no,no,0,0,8006,8006,10,10
96,2,bob,5,4,9,1,10,no,gris3,propiedad,120,gris,no,si,24,24,7004,6980,14,14
97,1,ana,5,6,11,23,34,no,suerte5,suerte,0,ninguno,no,no,0,0,8030,8030,10,10
98,2,bob,4,2,6,10,16,no,estacion2,estacion,200,estacion,no,si,40,40,6980,6940,14,14
99,1,ana,1,4,5,34,39,no,impuesto4,impuesto,100,ninguno,no,no,0,0,8070,8070,10,10
100,2,bob,4,3,7,16,23,no,suerte4,suerte,0,ninguno,no,no,0,0,6940,6940,14,14
